query_id,query,relevant_docs
1,what similarity laws must be obeyed when constructing aeroelastic models of heated high speed aircraft .,51 486 184 12 878 573 665 1361 1268 141 746 944 14 13 78 792 879 435 747 1003 251 359 453 329 1328 876 172 526 663 219 29 36 56 576 252 1144 717 1072 1340 1263 332 875 1186 1335 374 1300 195 42 685 300
2,what are the structural and aeroelastic problems associated with flight of high speed aircraft .,12 51 746 100 1169 1089 792 184 141 14 810 172 724 92 78 884 251 1170 1361 1380 253 1263 700 747 909 284 658 486 36 726 875 1042 1158 781 725 729 1147 195 712 374 876 75 47 1379 1331 606 836 862 883 878
3,what problems of heat conduction in composite slabs have been solved so far .,485 5 144 399 90 91 1072 181 828 579 251 623 542 980 582 6 344 826 349 584 666 1068 785 944 1389 656 281 350 585 270 893 547 329 1011 262 1370 28 72 66 425 395 266 1002 811 99 707 1253 732 733 459
4,can a criterion be developed to show empirically the validity of flow solutions for chemically reacting gas mixtures based on the simplifying assumption of instantaneous local chemical equilibrium .,166 488 1061 167 1189 1315 1374 185 1275 575 1255 1252 24 259 1085 410 355 1011 1296 1010 435 401 1295 103 574 536 1160 1242 1312 332 236 1241 317 1180 576 1072 541 1221 587 517 656 110 562 1123 943 1073 914 552 1198 188
5,what chemical kinetic system is applicable to hypersonic aerodynamic problems .,103 1032 401 943 552 968 1296 28 1072 828 625 368 1374 1379 746 488 1272 172 410 36 1068 163 981 849 650 367 574 451 342 1391 575 332 824 1295 1248 540 813 1158 42 1389 185 323 658 328 236 355 395 14 1061 930
6,what theoretical and experimental guides do we have as to turbulent couette flow behaviour .,491 257 121 315 386 251 798 385 1110 610 651 148 228 1282 344 1075 472 287 294 1374 355 99 72 296 1273 131 775 544 767 1364 1225 558 406 243 740 1196 345 1268 1148 142 78 861 154 1214 817 443 640 1363 959 825
7,is it possible to relate the available pressure distributions for an ogive forebody at zero angle of attack to the lower surface pressures of an equivalent ogive forebody at angle of attack .,492 973 434 57 56 122 124 232 1231 1040 373 688 1381 248 234 1307 801 354 1347 1350 48 225 567 197 988 58 443 947 717 233 1077 1006 189 1114 32 1115 541 1104 698 69 907 1277 638 693 1192 993 694 713 712 815
8,what methods -dash exact or approximate -dash are presently available for predicting body pressures at angle of attack.,122 492 907 443 248 69 711 1231 569 124 234 292 924 1083 237 232 688 433 1307 947 1193 1248 1082 1214 476 801 197 1218 441 354 1350 373 1104 1077 469 993 1224 927 1352 21 36 56 556 1184 231 1005 1262 48 498 608
9,papers on internal /slip flow/ heat transfer studies .,45 21 550 22 571 306 102 1215 549 270 398 983 123 144 221 303 326 61 784 1204 1213 347 572 142 55 1002 37 754 1258 528 1264 989 101 5 872 269 310 489 873 564 629 267 662 168 47 743 120 707 1393 959
10,are real-gas transport properties for air available over a wide range of enthalpies and densities .,493 302 1143 949 1199 524 691 1010 1286 1009 332 405 541 1274 1319 616 436 110 1214 1264 583 421 185 781 1077 69 1335 1003 1237 656 1312 1150 328 575 1180 101 1098 622 442 360 125 329 1315 975 240 183 481 621 552 576
11,"is it possible to find an analytical,  similar solution of the strong blast wave problem in the newtonian approximation .",495 556 654 472 1186 72 28 1327 305 1280 570 572 738 25 273 1389 1356 110 540 1157 1375 1310 304 27 370 93 1248 557 192 147 107 667 939 1238 745 473 20 35 262 421 508 160 190 1314 349 1319 593 177 843 777
12,how can the aerodynamic performance of channel flow ground effect machines be calculated .,624 650 966 543 506 649 1221 941 1232 704 1164 270 1223 33 325 1209 652 39 749 1094 1289 939 245 671 917 792 1165 783 806 112 86 34 206 1339 556 1144 453 404 1332 493 982 491 590 1334 602 329 276 1237 1305 1273
13,what is the basic mechanism of the transonic aileron buzz .,496 903 520 643 313 440 199 1268 38 880 415 797 660 1072 468 503 801 526 1242 1099 469 879 1290 1056 837 262 780 1079 507 251 1183 312 1332 335 42 467 1017 197 853 1334 961 893 713 143 1248 594 1338 117 1154 258
14,papers on shock-sound wave interaction .,64 170 132 402 439 798 256 335 1364 65 345 1303 291 296 903 1327 1314 190 209 568 319 1157 334 569 265 608 308 572 169 1313 630 805 490 1228 1248 411 1156 806 1195 207 124 1389 329 1312 310 192 939 373 403 216
15,material properties of photoelastic materials .,462 463 1025 1099 1340 1097 1043 542 82 761 1065 1096 553 866 817 1117 1024 1279 1127 1098 1027 981 982 890 1100 1015 762 509 707 592 119 1019 840 1042 822 766 1071 403 1322 952 818 870 836 77 829 37 51 974 1136 796
16,can the transverse potential flow about a body of revolution be calculated efficiently by an electronic computer .,498 1255 106 231 1328 410 494 266 927 248 1301 976 1112 1006 814 801 1043 1259 259 93 1108 216 279 326 849 869 528 161 360 468 447 803 1304 372 1356 704 192 916 1262 556 456 983 771 992 94 273 85 426 1383 1275
17,can the three-dimensional problem of a transverse potential flow about a body of revolution be reduced to a two-dimensional problem .,1108 1301 1281 445 700 336 106 916 577 498 410 801 373 266 368 372 987 2 1206 94 527 1036 1235 1255 1304 714 148 1201 1224 601 672 1253 284 1149 1072 927 158 362 933 1179 494 206 1043 60 1105 750 641 231 1197 652
18,are experimental pressure distributions on bodies of revolution at angle of attack available .,197 248 498 234 56 1352 927 492 1231 801 122 232 1005 225 360 69 1114 354 688 124 231 57 1006 947 1262 1104 1307 988 421 443 1350 1192 1259 1304 154 106 58 196 993 946 435 815 717 373 433 567 1277 19 922 1218
19,does there exist a good basic treatment of the dynamics of re-entry combining consideration of realistic effects with relative simplicity of results .,82 1346 554 353 453 716 1279 274 713 706 1219 44 164 1052 1217 482 140 1296 1000 152 1119 842 714 987 163 270 1291 448 416 824 509 978 122 303 1295 434 446 125 404 531 1309 1347 826 1379 1297 982 437 1013 1382 1331
20,"has anyone formally determined the influence of joule heating,  produced by the induced current,  in magnetohydrodynamic free convection flows under general conditions .",500 268 88 270 87 450 407 44 584 267 396 416 625 408 112 84 1371 269 123 1194 873 190 1222 26 120 342 993 966 375 1315 1106 550 166 300 29 458 902 265 773 571 1364 37 1273 1268 860 1153 970 456 439 91
21,why does the compressibility transformation fail to correlate the high speed data for helium and air .,502 68 460 421 686 961 1051 628 1007 17 343 302 338 1237 1264 1156 96 413 125 932 377 1385 187 342 998 947 1121 1303 16 663 1159 874 193 1366 1199 376 1281 1157 1374 1263 309 360 198 271 205 1004 767 572 552 637
22,did anyone else discover that the turbulent skin friction is not over sensitive to the nature of the variation of the viscosity with temperature .,125 413 560 50 307 348 565 81 962 120 9 254 165 153 16 306 207 861 406 260 1212 61 140 1147 80 346 55 62 493 72 525 872 66 474 1235 966 786 547 255 568 623 562 1355 980 1365 497 463 381 185 570
23,what progress has been made in research on unsteady aerodynamics .,892 28 902 202 251 899 718 14 698 753 1287 893 1151 1259 828 116 36 658 185 1369 1289 1169 244 1109 903 640 589 237 262 442 453 1092 1057 530 360 1272 911 804 1335 130 798 746 724 1103 1197 1162 441 216 117 919
24,what are the factors which influence the time required to invert large structural matrices .,756 46 47 12 1034 833 837 51 1361 724 883 650 893 1024 612 834 993 334 374 102 1242 738 1012 723 1120 395 1088 1380 1041 1068 583 92 262 157 654 274 781 75 1170 729 845 1226 640 859 767 439 453 280 720 85
25,does a practical flow follow the theoretical concepts for the interaction between adjacent blade rows of a supersonic cascade .,277 215 214 213 121 216 511 97 134 212 987 989 772 426 409 798 455 37 540 11 1288 211 990 1202 578 345 186 588 945 1271 570 767 658 352 1228 1367 310 1364 1222 453 138 1329 187 1195 1072 170 241 988 172 306
26,what is a single approximate formula for the displacement thickness of a laminar boundary layer in compressible flow on a flat plate .,307 145 382 611 568 96 305 4 1278 629 547 1355 348 306 346 1200 996 525 135 562 72 1072 1282 310 309 610 732 148 569 1325 572 375 1302 117 327 207 21 23 180 381 308 1386 133 560 1076 664 9 527 412 1365
27,how is the design of ring or part ring wings by linear theory affected by thickness .,1031 1176 1035 888 512 1178 428 680 1293 1129 224 1070 42 1133 838 1362 921 279 613 614 752 833 1132 677 886 521 679 548 1266 247 1320 683 189 674 251 919 1 803 733 36 1177 147 952 246 513 1188 924 207 682 202
28,what application has the linear theory design of curved wings .,251 1051 246 762 367 839 36 923 698 683 1068 921 674 1012 680 893 521 42 227 28 1176 712 236 803 964 1131 752 883 1362 451 677 1027 744 1343 1342 920 384 1294 1048 235 503 301 1028 700 1039 470 1268 1075 758 781
29,what is the effect of cross sectional shape on the flow over simple delta wings with sharp leading edges .,465 612 420 514 900 513 250 146 222 901 601 797 464 147 683 334 757 211 902 1107 803 1218 788 796 200 752 1229 561 792 869 205 675 1300 191 688 443 625 1248 852 1231 1184 686 682 673 544 1034 754 707 638 227
30,papers on flow visualization on slender conical wings .,683 513 601 1197 633 902 921 420 225 222 901 545 680 752 289 147 602 288 432 247 1058 465 464 230 1186 45 229 146 688 577 191 801 935 791 600 60 895 250 792 919 599 918 925 779 1188 466 916 1070 682 205
31,what size of end plate can be safely used to simulate two-dimensional flow conditions over a bluff cylindrical body of finite aspect ratio .,751 1209 1245 247 916 1153 332 749 1082 228 1040 1339 918 229 433 1072 179 895 522 205 188 454 68 283 158 1393 704 36 1320 1349 698 135 362 1134 1268 845 1149 391 1341 456 1319 2 373 1262 1184 1328 535 1274 1079 173
32,to find an approximate correction for thickness in slender thin-wing theory .,752 250 1186 1259 147 247 921 1112 802 901 468 289 230 801 1197 1135 229 467 683 287 599 601 1074 919 146 432 134 674 513 428 1394 242 922 556 714 606 1280 469 225 916 680 912 391 27 192 1044 382 52 248 60
33,how do interference-free longitudinal stability measurements (made using free-flight models) compare with similar measurements made in a low-blockage wind tunnel .,516 431 141 252 904 800 1163 808 76 714 78 1153 755 1066 598 1162 799 608 795 713 812 594 1074 672 602 1336 791 372 546 315 188 1065 1000 790 1349 876 721 1155 179 631 1004 9 280 809 1395 1350 184 244 636 668
34,have wind tunnel interference effects been investigated on a systematic basis .,516 1153 799 431 280 1341 907 1074 1062 1155 252 610 1243 1350 904 175 809 795 188 800 230 141 198 1287 179 1075 672 520 1353 185 876 755 594 714 923 1336 631 782 598 372 1204 553 1092 171 544 1142 196 140 314 293
35,are there any papers dealing with acoustic wave propagation in reacting gases .,1244 1203 1208 488 1314 1327 1389 654 65 296 724 720 875 1276 1160 1156 209 925 1189 319 75 1061 156 1084 1322 119 439 207 169 186 151 1252 998 1303 541 410 1077 132 913 844 506 1234 68 722 147 297 159 171 1184 583
36,has anyone investigated relaxation effects on gaseous heat transfer to a suddenly heated wall .,168 123 550 623 135 959 353 120 661 666 518 1213 546 980 144 269 303 1222 55 44 387 398 1004 283 522 74 565 45 1386 102 564 1002 566 347 348 646 1161 1395 1393 962 872 554 662 1268 36 260 784 975 1159 1366
37,are there any theoretical methods for predicting base pressure .,186 283 979 1229 1352 295 179 126 1311 952 109 234 1386 1277 1017 1077 409 196 522 729 1119 815 1199 1360 188 352 1307 927 1283 38 242 311 1039 1231 54 662 294 173 950 1082 292 165 891 122 110 606 139 147 498 785
38,does transition in the hypersonic wake depend on body geometry and size,536 976 294 1264 1238 1391 1205 295 979 186 1373 85 1211 338 433 89 1262 93 1279 272 556 796 154 927 1310 17 125 25 182 1201 446 373 710 1153 289 126 553 522 279 981 24 449 122 160 7 558 369 96 1278 1179
39,how can one detect transition phenomena in boundary layers .,1205 207 315 37 346 272 9 1278 1257 43 40 610 1211 293 24 7 281 314 992 1268 1391 536 294 996 1220 182 1264 1321 330 79 337 80 655 1381 255 668 53 6 96 94 959 8 1301 187 505 395 364 1215 1300 125
40,how can one detect transition phenomena in hypersonic wakes .,536 37 1205 976 1391 272 315 207 9 294 281 186 346 1141 295 330 17 1158 1305 535 401 568 126 113 655 1257 39 558 89 97 171 1183 41 409 40 563 43 1321 6 404 282 1211 1278 1196 979 927 293 182 311 85
41,has anyone investigated and developed a simple model for the vortex wake behind a cruciform wing .,289 433 229 927 432 520 288 1152 126 1277 549 464 222 1141 1091 225 825 1202 1196 154 420 60 89 901 675 643 558 1162 799 1343 513 755 1340 311 747 976 1163 1342 1191 1183 280 97 1074 279 1164 601 527 1305 278 416
42,what is a criterion that the transonic flow around an airfoil with a round leading edge be validly analyzed by the linearized transonic flow theory .,521 526 440 496 503 468 469 467 797 903 439 404 1154 312 1320 121 38 801 211 683 1228 634 313 124 685 924 819 452 1267 916 39 880 593 569 901 465 1265 335 1210 627 318 197 26 1338 572 363 118 451 879 484
43,can the transonic flow around an arbitrary smooth thin airfoil be analysed in a simple approximate way .,467 469 503 496 404 903 468 39 440 194 526 521 201 1248 1194 312 916 685 940 1074 1070 193 121 1320 211 313 606 936 1154 1210 70 801 14 229 122 1153 687 495 452 391 369 919 829 124 283 1329 1387 130 1301 848
44,what are the details of the rigorous kinetic theory of gases . (chapman-enskog theory) .,1190 103 1199 108 1031 541 1072 236 357 367 1134 760 943 42 1148 251 1068 36 849 1228 1226 30 1160 1269 840 1372 1132 231 385 862 28 1374 183 583 663 1216 1314 207 1185 125 1310 325 317 338 1309 1071 1079 405 677 319
45,has anyone investigated the effect of surface mass transfer on hypersonic viscous interactions .,305 525 540 1395 625 26 353 573 123 37 84 310 1200 572 274 1185 570 1253 655 329 1159 553 323 1364 569 623 63 1311 1002 667 481 134 120 344 480 1299 666 568 25 1241 334 308 646 645 1213 192 689 571 355 342
46,what is the combined effect of surface heat and mass transfer on hypersonic flow .,305 353 525 123 84 1185 655 274 623 481 37 36 540 1159 983 1241 572 344 303 333 260 645 1366 120 1213 662 553 1200 1002 1394 784 270 49 101 295 666 142 28 689 347 773 873 1328 571 1395 1079 667 981 338 240
47,what are the existing solutions for hypersonic viscous interactions over an insulated flat plate .,525 568 1200 310 570 305 304 327 307 25 540 308 572 309 180 334 573 2 663 9 63 306 260 133 1076 1253 389 332 98 1214 1107 28 1149 412 323 26 124 329 625 1370 460 375 1311 104 61 135 117 1072 569 1299
48,what controls leading-edge attachment at transonic speeds .,526 440 683 797 439 792 638 222 924 1228 521 1169 880 902 793 334 612 685 600 1267 876 211 1320 707 655 1300 633 200 712 392 465 634 569 420 26 675 1343 801 1079 879 468 757 315 900 251 625 704 796 1251 1338
49,"can the three-point boundary-value problem for the blasius equation be integrated numerically,  using suitable transformations,  without iteration on the boundary conditions .",527 321 349 322 476 320 1235 1370 150 377 479 585 366 1108 365 111 72 1240 266 1055 255 452 538 537 300 499 1185 540 59 1375 916 364 1054 107 1056 376 16 961 1053 731 375 1222 422 1154 15 734 117 1246 94 1210
50,what are the effects of small amounts of gas rarefaction on the characteristics of the boundary layers on slender bodies of revolution .,192 801 326 124 494 1259 992 273 541 337 435 25 1112 1268 353 1301 802 528 27 329 332 1248 493 1274 1310 576 1213 1319 233 410 117 625 922 1263 421 248 349 1149 262 186 1191 925 432 1352 36 566 1207 123 468 336
51,what is the available information pertaining to boundary layers on very slender bodies of revolution in continuum flow (the transverse curvature  effect) .,494 326 528 1213 94 261 25 23 36 192 1391 124 1214 1259 1310 1112 1281 251 1301 666 106 992 142 105 273 801 117 133 922 1394 925 248 1248 233 306 329 96 802 1149 667 468 265 569 541 629 912 435 803 523 456
52,what is the available information pertaining to the effect of slight rarefaction on boundary layer flows (the slip effect) .,550 326 306 1215 21 36 251 629 528 96 22 1214 798 265 260 1281 117 645 254 1334 1205 291 925 182 1211 125 1191 142 170 906 8 1383 1332 534 363 329 1391 124 899 4 610 211 23 1310 1204 961 959 17 989 565
53,"what investigations have been made of the flow field about a body moving through a rarefied,  partially ionized gas in the presence of a magnetic field .",208 1221 1253 437 531 1282 269 407 298 267 1236 270 33 456 1222 61 1273 297 1255 88 1139 112 370 296 1006 447 625 251 657 653 228 268 808 129 967 22 34 85 342 193 1194 490 273 1181 28 1377 993 1239 332 992
54,how is the heat transfer downstream of the mass transfer region effected by mass transfer at the nose of a blunted cone .,123 84 1213 44 1307 305 525 1185 623 274 338 666 979 353 651 354 365 784 754 1300 303 1393 101 553 1241 645 142 554 366 1002 344 364 294 1204 1394 522 283 559 789 1159 295 1107 959 655 962 1192 983 546 662 240
55,to what extent can the available information for incompressible boundary layers be applied to problems involving compressible boundary layers .,376 17 1301 377 460 251 798 1185 375 1214 135 2 1241 4 562 241 16 1072 36 255 1302 73 72 336 348 344 1281 254 458 291 352 1394 527 1375 24 754 1192 425 538 309 1364 1351 1383 265 155 117 366 1149 305 326
56,to what extent can readily available steady-state aerodynamic data be utilized to predict lifting-surface flutter characteristics .,753 14 1339 441 783 638 899 251 1331 1105 634 704 637 1209 685 792 1380 202 671 52 204 1290 391 798 1275 1057 561 1248 701 749 1196 379 1336 363 1269 30 811 1078 781 712 1330 711 627 878 856 461 1338 1104 530 688
57,what are the significant steady and non-steady flow characteristics which affect the flutter mechanism .,753 117 380 1181 1339 916 444 52 1268 1338 1275 899 810 894 856 1099 1272 363 1273 475 166 704 379 351 747 634 458 1078 1085 1269 267 1081 472 1290 1221 167 3 202 461 857 1114 38 1296 310 28 896 309 112 152 1084
58,"is it possible to determine rates of forced convective heat transfer from heated cylinders of non-circular cross-section,  (the fluid flow being along the generators) .",754 269 873 789 120 270 1159 788 268 88 963 435 375 784 661 564 912 387 786 267 869 396 635 787 23 974 1104 872 539 398 962 566 599 1213 934 1348 348 44 61 554 101 158 1393 522 646 1294 852 1002 952 166
59,how much is known about boundary layer flows along non-circular cylinders .,381 912 272 785 610 786 646 292 801 789 1154 1055 382 105 629 754 842 661 207 149 23 383 1268 784 261 1123 375 364 962 1105 457 1309 734 458 740 393 855 565 116 567 657 1084 1385 1033 744 788 564 410 315 1182
60,"is there any simple,  but practical,  method for numerical integration of the mixing problem (i.e. the blasius problem with three-point boundary conditions) .",527 321 322 320 476 833 107 365 1235 641 677 266 72 366 732 733 150 1137 730 11 585 933 410 1185 1377 1265 364 1386 54 115 1072 1219 300 1273 499 196 1083 369 1220 404 1240 1372 1224 131 1206 241 1108 579 336 375
61,does there exist a closed-form expression for the local heat transfer around a yawed cylinder .,564 566 539 435 1213 1307 1258 283 333 553 565 907 145 789 1002 854 1159 1104 845 635 754 784 1359 979 689 122 467 23 144 120 651 383 140 150 123 1264 944 1081 1283 1238 210 267 36 1382 891 347 788 1191 352 452
62,"how far around a cylinder and under what conditions of flow,  if any, is the velocity just outside of the boundary layer a linear function of the distance around the cylinder .",1268 452 459 381 148 483 1258 785 105 255 787 1383 788 533 659 754 553 1105 36 1081 116 629 1178 977 789 1072 375 155 1149 292 1370 563 94 236 1384 784 1283 1112 364 1182 1262 117 803 689 819 457 1394 635 18 565
63,where can i find pressure data on surfaces of swept cylinders .,605 1135 738 91 25 1051 843 491 158 1081 839 1121 1104 1336 891 1106 659 678 1334 629 1045 889 548 211 287 204 676 1381 783 196 556 1084 983 1280 1118 1198 420 240 1119 566 1263 1145 198 1327 954 315 1192 1171 441 428
64,"can't the static deflection shapes be used in predicting flutter in place of vibrational shapes . if so,  can we provide a justification by means of an example .",390 914 730 928 719 52 37 441 482 1204 627 1225 786 827 277 425 311 556 1024 775 815 1107 1110 196 138 100 124 548 42 70 1339 847 236 523 456 14 894 92 266 1053 834 829 198 428 874 486 947 410 587 1201
65,does the boundary layer on a flat plate in a shear flow induce a pressure gradient .,388 3 569 1355 393 664 180 4 1370 1106 977 310 1382 1311 1225 1386 2 406 1200 305 1107 1237 525 133 663 304 629 62 306 165 145 22 970 308 655 155 389 135 826 636 348 1371 484 309 96 1366 694 327 9 611
66,can the procedure of matching inner and outer solutions for a viscous flow problem be applied when the main stream is a shear flow .,128 191 366 329 1206 305 1251 629 375 664 1182 131 2 299 1370 97 576 458 310 306 116 1224 73 1072 590 255 149 389 365 540 1375 644 1265 198 659 1198 144 1261 484 453 916 977 475 363 133 445 588 1250 1081 63
67,can series expansions be found for the boundary layer on a flat plate in a shear flow .,393 2 180 4 664 3 72 306 388 135 1107 9 629 784 255 155 309 1106 1282 308 412 944 389 23 116 381 826 22 89 1397 977 568 1355 327 207 611 121 61 569 1364 1251 663 165 1398 861 996 659 304 419 458
68,what possible techniques are available for computing the injection distribution corresponding to an isothermal transpiration cooled hemisphere .,628 344 560 773 662 364 338 343 1205 480 272 1100 1072 535 689 337 1240 1180 254 339 365 481 1200 1248 1002 1191 1183 1104 125 661 565 707 9 635 1237 433 559 84 353 1266 352 142 1056 1263 251 1280 322 493 1158 226
69,what is known regarding asymptotic solutions to the exact boundary layer equations .,128 111 540 306 117 1383 365 264 292 381 1375 131 664 458 393 527 28 394 366 1043 300 559 1182 310 1200 460 322 1193 304 1109 105 459 565 94 327 648 661 36 1366 104 1210 1053 299 1370 1297 538 457 307 255 671
70,previous solutions to the boundary layer similarity equations .,540 180 300 349 62 1149 1235 365 104 305 435 327 565 192 111 320 1200 457 304 292 255 1382 479 72 562 1236 4 309 325 733 1383 1311 24 155 629 1260 1182 1054 1240 94 23 459 570 889 475 502 107 1375 843 527
71,experimental results on hypersonic viscous interaction .,540 573 305 525 63 26 1299 1253 572 570 310 1395 1200 329 494 625 323 308 25 124 192 304 663 537 568 1076 307 334 569 1209 666 170 37 327 134 345 536 68 409 455 256 973 1310 1204 544 1311 1214 496 1158 688
72,"what has been done about viscous interactions in relatively low reynolds number flows,  particularly at high mach numbers .",315 511 1395 630 1078 187 63 134 139 666 1313 1082 1157 193 992 1229 117 244 416 799 663 537 798 186 360 996 540 370 1195 712 1364 573 285 570 310 53 794 1239 567 746 1218 309 1191 816 205 740 1169 504 710 1115
73,what role does the effect of chemical reaction (particularly when out of equilibrium) play in the similitude laws governing hypersonic flows over slender aerodynamic bodies .,332 541 401 1296 573 625 577 574 1072 160 572 488 552 556 42 1310 101 166 1010 359 1295 801 1374 410 456 1247 304 24 103 56 860 1061 25 1241 517 236 575 1248 28 486 85 494 1259 688 1252 1112 360 1305 1201 36
74,how significant is the possible pressure of a dissociated free stream with respect to the realization of hypersonic simulation in high enthalpy wind tunnels .,625 1153 876 1295 68 185 372 1143 364 576 431 656 1349 26 574 493 1305 573 332 1155 516 1161 1003 535 997 141 38 317 695 809 1204 608 167 1142 280 1351 430 1099 571 1296 541 272 2 575 329 693 603 1286 1252 1158
75,do the discrepancies among current analyses of the vorticity effect on stagnation-point heat transfer result primarily from the differences in the viscosity-temperature law assumed .,82 55 565 645 1395 1393 54 50 630 324 73 580 1161 584 303 396 559 81 84 1258 959 328 24 306 387 353 283 1099 629 983 564 1097 269 1372 1159 366 323 773 325 35 1386 115 562 872 91 661 95 1061 1215 329
76,how far can one trust the linear viscosity-temperature solution assumed in some of the analyses of hypersonic shock layer at low reynolds number .,630 666 667 1394 255 565 328 364 1007 1198 307 315 171 474 1391 43 1274 1157 1319 55 50 572 62 962 73 671 9 1310 562 1395 115 537 37 1373 329 389 1072 1076 54 1082 1154 132 944 2 272 1295 1245 25 535 6
77,how close is the comparison of the shock layer theory with existing experiments in the low reynolds number (merged-layer) regime .,329 1395 630 1264 667 170 1391 315 537 272 347 668 504 572 1215 1394 187 134 1228 345 207 1263 1191 1372 343 1302 798 1205 610 460 1076 1107 666 1187 364 710 569 335 663 9 1359 964 1364 124 291 1313 346 689 25 1384
78,has anyone explained the kink in the surge line of a multi-stage axial compressor .,589 543 588 237 216 590 578 592 138 426 576 591 935 214 1126 764 772 739 822 1372 18 1043 341 215 985 928 1368 1102 349 1316 311 1318 213 1343 769 757 330 640 860 1151 990 280 1194 642 43 201 970 1354 1118 1122
79,have any aerodynamic derivatives been measured at hypersonic mach numbers and comparison been made with theoretical work .,199 196 544 755 567 56 202 597 52 516 175 748 360 657 1335 1066 791 813 1002 997 1336 49 1310 441 251 1151 689 370 911 19 129 413 1353 746 237 656 800 294 354 808 861 568 564 600 225 1115 204 212 688 179
80,are methods of measuring aerodynamic derivatives available which could be adopted for use in short running time facilities .,544 546 1335 602 441 813 1019 790 1020 878 168 622 1336 251 1066 301 606 604 985 1024 1175 1113 1162 869 107 917 717 733 536 947 781 1018 595 287 1333 597 202 244 753 158 704 640 814 815 1156 1313 120 1108 755 1032
81,what are wind-tunnel corrections for a two-dimensional aerofoil mounted off-centre in a tunnel .,714 799 631 672 140 755 203 1153 904 1163 544 535 42 245 1074 256 185 594 1354 598 516 652 876 372 809 431 634 1336 1287 795 1155 1142 1353 430 1162 280 221 78 312 206 772 1351 608 602 1290 656 603 314 1286 141
82,how do kuchemann's and multhopp's methods for calculating lift distributions on swept wings in subsonic flow compare with each other and with experiment .,1339 678 677 1334 921 206 1332 676 247 1289 924 503 287 465 315 1343 781 1333 811 1246 712 292 704 701 433 783 632 901 279 638 307 1075 683 699 698 250 204 246 288 420 1365 1 674 779 703 1080 415 682 39 637
83,what is the present state of the theory of quasi-conical flows .,753 1275 898 680 236 1196 428 224 688 633 122 19 1070 1141 683 124 42 514 251 282 1058 512 232 380 1059 1230 347 233 1072 601 97 52 1060 28 36 938 370 942 935 24 371 191 936 930 1134 1270 1068 657 423 1307
84,references on the methods available for accurately estimating aerodynamic heat transfer to conical bodies for both laminar and turbulent flow .,294 522 873 142 546 872 1104 554 17 378 555 959 36 135 435 1281 21 553 1386 1310 55 344 120 662 564 101 283 538 232 122 651 398 337 559 72 1263 1185 1192 861 95 661 606 753 1264 981 550 688 343 295 50
85,what parameters can seriously influence natural transition from laminar to turbulent flow on a model in a wind tunnel .,315 710 184 294 314 80 84 40 1155 1287 9 272 244 522 7 207 418 280 1278 719 798 293 377 182 311 526 800 536 96 625 799 199 1211 1350 553 610 187 1154 89 1153 431 535 196 795 1268 714 876 123 516 933
86,can a satisfactory experimental technique be developed for measuring oscillatory derivatives on slender sting-mounted models in supersonic wind tunnels .,755 594 790 431 188 179 1155 1290 280 141 78 516 1074 544 719 1066 808 598 602 634 600 876 455 1305 1197 311 714 60 809 227 38 1163 184 214 1272 196 608 1153 42 197 443 314 799 294 1001 466 183 244 434 256
87,"what effect has the boundary layer in modifying the basic inviscid flow behind the shock,  neglecting effects of leading edge and corner .",547 1228 797 439 1198 134 334 26 667 2 572 625 1309 1267 310 327 191 903 1248 788 25 666 655 1157 304 803 707 1107 569 610 526 375 798 1300 308 58 187 105 72 301 1343 1274 311 133 1251 1319 318 1310 193 1364
88,how does a satellite orbit contract under the action of air drag in an atmosphere in which the scale height varies with altitude .,548 613 615 617 614 622 616 618 621 162 619 1150 163 958 620 449 1244 510 1345 1391 719 1166 275 218 1324 143 1161 315 164 448 1348 882 1000 1103 934 85 436 401 553 691 1255 624 554 991 1291 969 1344 716 404 718
89,how is the flow at transonic speeds about a delta wing different from that on a closely-related tapered sweptback wing .,757 1338 921 793 801 464 205 1341 315 1290 879 779 924 52 699 200 420 902 917 632 797 916 794 612 796 601 465 222 919 683 250 638 252 313 247 1337 1186 803 672 404 1246 674 901 637 709 287 433 38 991 679
90,recent data on shock-induced boundary-layer separation .,265 1187 358 1228 569 1257 1364 798 311 71 504 334 1106 959 291 655 304 1216 256 293 1281 439 979 1264 294 1384 63 416 974 134 527 663 124 406 757 484 457 459 415 630 2 892 187 568 53 793 45 461 335 487
91,what interference effects are likely at transonic speeds .,252 924 799 431 795 1079 1153 520 672 1154 316 610 526 1341 516 800 1338 925 197 876 801 879 468 923 919 251 503 440 1075 141 1093 315 1062 38 496 36 1350 129 780 60 1169 42 1074 233 1243 179 991 124 214 792
92,"given complete freedom in the design of an airplane,  what procedure would be used in order to minimize sonic boom intensity,  and is there a limit to the degree of minimizing that can be accomplished .",810 806 807 758 804 683 1247 809 1252 1331 1093 36 1219 1147 811 783 805 808 28 1071 235 726 1002 945 870 1243 317 124 1373 152 790 1134 244 1135 893 221 209 198 444 357 1201 643 37 164 719 1380 178 523 184 731
93,"can methane-air combustion product be used as a hypersonic test medium and predict, within experimental accuracies, the results obtained in air .",635 691 68 1336 1143 1241 421 1335 628 1157 232 1159 1315 355 552 572 1374 1290 686 1199 461 804 548 1062 37 234 302 1314 330 1009 413 1204 185 360 1353 283 93 1230 1161 625 695 874 193 1072 144 481 494 923 1098 1328
94,what is the theoretical heat transfer rate at the stagnation point of a blunt body .,283 1393 559 1104 1394 983 1161 101 36 84 366 438 1213 142 524 365 24 662 572 294 1040 522 553 1002 555 1099 564 369 1348 635 1307 123 689 35 501 295 1097 1258 571 1107 537 1159 323 668 329 44 655 1204 303 1253
95,what is the theoretical heat transfer distribution around a hemisphere .,635 662 1002 553 36 1258 628 283 689 1104 554 564 690 1191 101 1395 123 1213 1204 497 572 1393 1106 1394 29 1268 1158 546 1074 370 294 872 535 142 555 272 260 295 435 49 566 1161 959 767 1107 465 1263 55 1307 954
96,has anyone investigated the unsteady lift distributions on finite wings in subsonic flow .,698 637 699 1339 779 680 803 1289 705 712 465 288 700 902 683 638 1332 1334 1280 247 811 1246 1272 1333 669 921 1343 674 704 797 903 250 701 1 200 246 899 924 711 601 1259 205 632 433 225 442 243 146 561 677
97,what information is available for dynamic response of airplanes to gusts  or blasts in the subsonic regime .,1331 779 1289 882 251 1270 783 1214 781 36 701 790 728 187 1334 1391 810 860 953 824 702 948 78 556 906 440 673 495 884 1332 262 557 273 42 427 806 902 265 792 667 96 1165 908 758 654 329 1224 764 76 409
98,will forward or apex located controls be effective at low subsonic speeds and how do they compare with conventional trailing-edge flaps .,638 673 1343 792 315 1163 433 704 1393 288 924 772 85 798 311 1169 712 222 675 1328 1091 685 1356 1095 757 521 902 409 1380 207 707 811 187 1332 121 1373 200 36 747 1338 710 797 1334 631 651 634 683 613 526 1305
99,"given that an uncontrolled vehicle will tumble as it enters an atmosphere, is it possible to predict when and how it will stop tumbling and its subsequent motion .",639 715 719 717 1348 716 682 613 164 914 67 1034 1000 32 944 403 740 983 962 163 42 1393 1391 828 1379 1035 982 562 51 1362 138 1305 207 216 77 958 83 743 228 1110 553 69 810 977 614 36 414 1344 656 302
100,what are the effects of initial imperfections on the elastic buckling of cylindrical shells under axial compression .,1122 760 822 1068 1126 897 885 739 1172 1171 740 1051 741 1067 743 928 1131 1013 1070 769 1123 953 1145 887 1119 1117 1118 831 1069 1173 1017 956 951 935 763 889 929 1071 926 742 934 825 1037 932 824 890 826 1034 843 841
101,why does the incremental theory and the deformation theory of plastic stress-strain relationship differ greatly when applied to stability problems .,819 817 760 818 820 1119 823 825 837 826 1122 767 1121 1025 1014 195 1361 1015 1023 867 1 1031 840 1120 824 740 599 284 462 1067 532 1035 743 1030 419 1132 404 644 1059 13 1013 836 390 881 801 1112 1072 720 866 870
102,basic dynamic characteristics of structures continuous over many spans .,910 729 1339 516 446 1092 650 1290 728 1007 1289 720 1001 1389 1268 67 287 713 724 654 1260 1024 998 1006 675 827 913 860 92 824 1331 1015 100 1363 948 660 27 1342 204 1296 47 783 140 676 231 506 11 205 1000 1115
103,is the information on the buckling of sandwich sphere available .,761 1214 1050 1127 1048 956 1126 951 720 1049 251 906 1119 1174 1027 1211 826 265 770 669 1051 824 1128 35 182 317 411 1038 483 1117 1359 96 1015 1034 1369 1069 329 1145 1204 1253 1196 771 440 1190 441 1205 558 1151 888 533
104,can the load deformation characteristics of a beam be obtained with the material being inelastic and a non uniform temperature being present .,762 1024 1294 1019 462 819 837 644 952 744 840 777 824 739 1042 1177 734 1055 29 1023 754 957 835 1117 760 910 325 863 836 1362 1043 826 818 866 829 726 913 1316 1172 493 450 825 1154 51 659 1217 1057 1029 492 1035
105,what is the effect of an internal liquid column on the breathing vibrations of a cylindrical shell .,764 848 847 846 953 1068 763 743 1126 1067 739 42 117 1037 897 1071 1029 887 1036 844 839 236 1172 1034 1051 1134 890 740 769 1052 889 828 1129 1039 47 955 765 1013 951 886 841 1252 1171 826 1019 885 1018 851 1070 929
106,experimental techniques in shell vibration .,847 764 1036 844 848 953 846 739 42 1042 1038 1043 728 1298 1126 1070 845 1118 1066 1037 887 908 935 743 552 1172 723 1039 1171 955 1252 740 760 1392 890 930 886 595 1044 1052 954 52 1129 719 1071 100 830 594 544 849
107,in summarizing theoretical and experimental work on the behaviour of a typical aircraft structure in a noise environment is it possible to develop a design procedure .,640 725 883 909 220 12 724 720 870 29 836 729 1051 658 1039 911 497 100 722 202 802 184 415 908 345 1170 898 1360 1192 51 47 102 811 878 253 833 221 395 884 762 1012 1363 804 727 951 219 849 1160 1279 997
108,what data is there on the fatigue of structures under acoustic loading .,75 724 726 884 720 883 727 640 881 867 768 951 909 860 723 835 932 762 840 866 729 721 641 1119 100 836 837 12 92 295 47 1244 51 1117 722 1170 1171 767 1015 1208 1012 13 1130 908 865 739 896 1024 251 1068
109,panels subjected to aerodynamic heating .,391 859 1008 627 711 51 658 31 5 390 729 66 894 434 886 726 709 857 856 982 766 948 858 864 899 1392 29 720 707 728 1127 509 727 911 1387 486 606 1279 877 715 860 285 933 585 1178 1400 75 725 587 120
110,can increasing the edge loading of a plate beyond the critical value for buckling change the buckling mode .,1387 15 862 1035 744 412 1117 1017 1177 1398 1131 1023 1013 856 827 1020 642 1172 1173 926 1015 957 1396 739 857 889 915 1053 894 1032 820 769 760 1071 425 897 740 843 1026 1037 859 1119 830 1069 1399 742 419 761 888 928
111,have the effects of an elastic edge restraint been considered in previous papers on panel flutter .,894 627 857 856 390 658 1008 392 1131 858 285 766 859 1392 686 202 948 822 874 391 15 1400 864 442 593 928 728 425 889 911 933 914 634 899 441 1111 826 1387 828 733 711 739 1172 749 736 1339 1058 876 729 890
112,"has the solution of the clamped plate problem,  in the classical theory of bending,  been reduced to two successive membrane boundary value problems .",641 730 734 422 733 736 648 735 15 831 644 826 527 342 936 840 700 647 627 2 731 854 264 4 284 1198 1235 131 155 1398 955 1108 1185 1392 1175 1119 14 1013 424 1054 1137 425 134 1396 732 266 1120 1045 827 454
113,what data exists on oscillatory aerodynamic forces on control surfaces at transonic mach numbers .,815 704 748 638 467 812 360 52 1272 265 708 780 801 790 204 1290 205 197 709 947 14 969 753 1349 391 1162 33 567 716 1163 685 759 1237 1338 440 856 1340 202 746 1336 1153 792 347 794 1328 70 593 876 1264 755
114,"it is not likely that the airforces on a wing of general planform oscillating in transonic flow can be determined by purely analytical methods . is it possible to determine the airforces on a single particular planform, such as the rectangular one by such method .",895 712 704 1266 917 1290 919 609 1333 685 676 918 315 780 1289 1360 757 465 632 287 1188 703 924 521 91 1246 916 395 433 783 1322 503 1316 1392 1207 1363 467 775 980 78 675 1375 517 883 624 699 885 281 441 666
115,is the problem of similarity for representative investigations of aeroelastic effects in heated flow as intractable as previous investigations imply .,184 486 540 746 51 102 875 81 549 782 44 284 1361 365 422 552 371 390 662 12 1253 1098 1002 50 579 84 586 14 342 497 73 1213 959 57 72 435 349 13 29 733 393 79 1274 1309 123 1375 838 565 1013 1319
116,what is the magnitude and distribution of lift over the cone and the cylindrical portion of a cone-cylinder configuration .,522 1038 1106 605 384 759 272 423 1351 801 225 1218 48 186 56 1202 1062 123 1307 657 1303 1074 232 354 58 1300 932 1192 1378 937 505 1343 947 1262 1117 1231 411 936 1274 1041 1319 1285 63 954 999 428 758 1380 1213 359
117,is there any information on how the addition of a /boat-tail/ affects the normal force on the body of various angles of incidence .,229 230 196 282 907 60 1304 1164 122 924 927 782 688 1162 179 433 999 242 673 1115 197 925 520 1285 234 1163 440 723 1001 289 1077 434 1328 64 947 360 1350 225 511 36 921 1075 204 599 1398 252 1243 1179 1208 205
118,what are the aerodynamic interference effects on the fin lift and body lift of a fin-body combination .,246 520 229 923 924 1075 803 1062 1074 1239 1243 811 230 431 545 809 360 599 815 225 1352 235 204 688 1305 1380 279 600 1124 816 210 1259 638 1188 1214 252 434 1328 672 36 233 234 146 141 801 1381 484 1 1218 77
119,what is the effect of initial axisymmetric deviations from circularity on the non linear (large-deflection) load-deflection response of cylinders under hydrostatic pressure .,926 1024 928 1055 897 765 1068 744 1033 852 533 956 1362 763 1051 1056 739 830 1361 1070 952 1129 1034 642 1131 1116 1126 1091 1118 930 822 1053 846 1145 863 827 1171 1132 789 1054 831 953 894 833 932 955 520 1064 842 1331
120,are previous analyses of circumferential thermal buckling of circular cylindrical shells unnecessarily involved or even inaccurate due to the assumed forms of buckling mode .,769 887 890 1172 886 1122 1070 740 885 888 760 897 1146 741 1145 1068 739 926 833 891 928 765 1116 1117 1123 764 889 1177 1126 763 642 822 1052 935 846 742 937 843 743 1034 15 831 1013 936 847 956 852 396 856 1051
121,what papers are there dealing with circumferential buckling either thermal buckling or due to mechanical loading .,769 887 890 888 1017 1146 1177 1178 1127 1117 742 739 926 1173 935 891 1016 1172 1119 885 827 31 741 1122 837 897 1056 928 642 950 1012 1052 1116 740 1131 1037 825 957 822 859 886 1126 956 1053 1013 833 743 932 1268 824
122,what analytical investigations have been made of the stability of conical shells . how do the results compare with experiment .,898 1070 78 1068 251 893 934 828 207 931 1059 1118 315 935 514 938 930 442 1268 841 371 516 1171 175 1287 1172 1119 743 600 1071 782 740 688 1072 1130 739 1145 657 907 1134 929 613 826 610 1117 713 42 957 262 1001
123,has any work been done on determining the nature of compressible viscous flow in a straight channel .,1360 941 740 112 742 270 1221 775 147 131 196 387 1078 910 186 375 1316 206 966 917 537 1270 34 394 244 49 351 701 183 227 1301 967 455 417 676 28 1222 521 820 669 666 202 530 1012 389 155 109 135 122 1035
124,"in what areas, other than low density wind tunnel flows, is viscous compressible flow in slender channels a problem . what analytical investigations have been made of the stability of conical shells . how do the results compare with experiment .",941 516 1068 828 442 78 315 251 898 1072 893 934 514 73 207 28 600 236 1287 792 1070 1248 1119 1288 183 112 1268 25 1274 688 1305 185 504 938 656 535 117 222 371 364 1231 1250 799 1230 740 465 933 1319 569 270
125,jet interference with supersonic flow  -dash experimental papers .,997 993 176 131 1083 696 970 1074 1350 1075 1093 1195 610 1352 695 1292 1349 245 519 409 173 1379 973 924 243 179 188 725 697 1062 121 174 520 1265 971 772 991 1243 608 925 992 1151 1227 799 237 694 177 923 907 103
126,thrust vector control by fluid injection -dash papers .,1326 1288 974 1095 773 1083 1265 397 1169 1237 237 387 1163 368 1328 1379 711 994 61 942 628 374 1329 125 1094 308 338 367 1283 254 1322 1113 1082 991 1200 337 1109 1064 638 365 366 228 1199 646 340 451 21 579 792 1223
127,is it possible to obtain a reasonably simple analytical solution to the heat equation for an exponential (in time) heat input .,6 5 869 981 158 582 944 587 585 395 91 500 294 1375 164 606 267 339 1024 570 1207 144 49 34 1061 101 586 12 29 518 1073 1346 767 719 546 639 559 1248 62 687 635 666 467 459 260 75 399 1268 553 45
128,has anyone programmed a pump design method for a high-speed digital computer .,945 1063 92 745 1087 248 1246 1043 493 1219 762 111 374 988 266 987 989 453 1388 12 1113 606 648 1124 704 429 985 712 328 1088 878 746 1147 986 1294 543 435 529 658 211 724 747 1385 924 876 36 416 896 1051 193
129,has anyone derived simplified pump design equation from the fundamental three-dimensional equations for incompressible nonviscous flow .,945 988 987 989 527 985 86 314 278 637 1310 1036 705 73 872 4 36 404 476 367 375 562 180 1281 59 741 368 941 660 1182 427 1301 300 341 700 916 1192 323 535 1184 298 1108 701 190 143 1279 538 135 148 680
130,what are the flutter characteristics of the exposed skin panels of the x-15 vertical stabilizer when subjected to aerodynamic heating .,859 948 766 1008 858 391 729 634 251 856 627 894 857 5 658 390 1162 66 727 285 815 899 434 1392 711 864 709 1163 51 753 812 546 36 685 55 90 125 419 1164 914 560 1339 728 861 982 14 1387 606 686 267
131,what agreement is found between theoretically predicted instability times and experimentally measured collapse times for compressed columns in creep .,950 1021 1025 1023 1022 1012 1019 952 1017 1034 1024 1020 1028 1018 1026 1015 1013 1016 767 955 330 1125 951 1014 1317 928 544 168 1118 1032 169 866 1029 837 1075 518 30 825 295 805 1027 1030 1363 1132 899 781 739 760 546 1335
132,theoretical studies of creep buckling .,1017 1021 950 1013 1026 1025 1023 1020 1015 1052 951 1018 1014 1029 952 1012 1028 1027 1024 761 1035 1022 1030 1031 827 760 767 1034 871 1019 1016 743 400 642 891 957 856 1146 833 1122 862 822 1400 823 1050 1121 830 1051 1214 1127
133,experimental studies of creep buckling .,951 1013 950 1026 1023 1017 1020 1028 1015 1018 1014 1029 1012 1021 1025 1019 1027 1024 1016 856 1052 760 1035 1022 1030 952 1031 1214 1034 866 871 827 857 767 957 932 761 833 743 820 928 862 823 822 935 1146 887 1122 1177 863
134,is it possible to correlate the results on the creep buckling of widely different structures within the framework of a single theory .,951 1028 866 1012 1015 1013 1017 1020 1014 195 1023 640 883 1035 1021 950 1024 1026 1031 739 1068 1214 517 766 743 729 888 1018 935 1119 827 721 932 1029 740 964 1052 1178 1264 833 862 1309 1056 837 1120 419 1027 572 887 722
135,what are the experimental results for the creep buckling of columns .,1017 1026 1020 1013 951 950 1023 1029 1019 1015 1018 1012 1024 1025 1014 1016 1021 1028 1031 1030 1027 1022 1120 1034 1035 825 1037 1052 1068 739 820 871 866 928 1214 760 822 932 1032 823 935 1067 767 821 1146 952 1122 891 887 1177
136,what are the results for the creep buckling of round tubes under external pressure .,1021 951 891 1033 1125 140 829 831 1031 761 1068 1013 1012 1015 1070 1034 1131 1119 1020 239 1017 1026 139 893 550 1025 1024 1027 1023 830 1014 1145 1067 956 1117 952 1028 1173 1053 1029 763 957 905 1052 1132 950 1315 1018 915 1071
137,have any analytical studies been conducted on the time-to-failure mechanism associated with creep collapse for a long circular cylindrical shell which exhibits both primary and secondary creep as well as elastic deformations under various distributed force systems .,952 1034 1023 1026 1024 1025 1021 837 1013 1052 1017 955 1012 1068 767 1027 1035 1028 826 836 1125 950 740 1171 897 1015 953 847 1126 1118 870 862 934 1172 928 951 1145 1022 853 1326 1020 743 550 887 866 724 841 852 1123 1119
138,"has the effect of initial stresses,  on the frequencies of vibration of circular cylindrical shells,  been investigated .",953 764 847 897 846 740 826 844 887 1068 848 841 760 769 1172 1123 1038 722 765 1034 852 926 851 1036 839 1173 1118 889 763 1171 890 1051 854 1066 741 867 885 928 1122 742 845 1129 828 739 129 1039 1043 627 955 911
139,"has the effect of the change of initial pressure due to deformation,  on the frequencies of vibration of circular cylindrical shells been investigated .",897 826 764 847 846 953 844 848 1038 763 887 1068 760 740 955 1172 1034 743 926 1122 1171 769 1118 1132 1051 841 853 722 1129 129 441 1066 1039 867 839 845 934 956 765 1070 1119 739 1123 852 952 1036 627 1145 1289 911
140,what are the discontinuity stresses at junctions in pressurized structures .,954 1038 890 887 1202 1039 720 729 726 922 837 769 497 1068 1134 722 31 870 75 581 195 1015 909 51 725 95 146 66 840 508 30 727 723 329 13 762 836 883 374 605 828 29 640 1012 580 766 100 1041 858 893
141,what analytical solutions are available for stresses in edge-loaded shells of revolution .,889 843 852 1059 1043 851 828 1058 424 1038 837 930 736 890 1135 830 1068 1134 887 1387 957 826 1053 1041 836 1248 1294 1137 1117 1172 897 740 742 1129 421 1171 1044 1173 769 765 1175 1214 117 935 279 735 1123 28 1392 498
142,what dome contours minimize discontinuity stresses when used as closures on cylindrical pressure vessels .,954 1134 887 890 1136 1068 827 741 769 1125 1135 1175 1042 1071 1039 1201 922 897 765 531 1009 885 236 740 889 535 953 828 1038 843 839 841 928 852 881 851 870 581 1301 1123 1173 935 374 763 720 1387 1219 301 42 848
143,what general solutions for the stresses in pressurized shells of revolution are available .,1043 930 1068 1134 828 826 1044 765 1171 1129 953 889 1071 1135 1070 1294 843 1137 852 890 117 1145 851 498 1174 1123 421 887 1051 1042 897 954 741 885 195 1041 1053 1059 251 830 1039 1117 841 435 124 262 1172 412 1130 938
144,can studies of pure membrane cylinders having no wall bending stiffness but maintaining their shape by virtue of internal pressure provide any insight into the behaviour of pressurized cylinders with finite wall stiffness .,1363 763 955 839 840 1126 846 786 1340 1045 1051 740 928 838 730 1178 1046 891 1039 847 1400 982 854 1034 640 266 856 876 1175 199 1134 522 272 1225 1022 112 954 544 659 168 842 1277 261 746 56 206 72 646 1130 428
145,what are the best experimental data and classical small deflection theory analyses available for pressurized cylinders in bending .,1051 839 1126 1118 1045 838 763 827 641 928 520 1130 1310 251 1046 1121 1171 42 956 1117 454 1068 955 851 765 866 121 1119 1013 1024 1066 435 950 891 441 801 852 1116 1048 566 1044 1178 1145 1177 1363 823 1104 186 1191 744
146,does a membrane theory exist by which the behaviour of pressurized membrane cylinders in bending can be predicted .,955 1045 840 641 1175 730 854 1130 1134 1178 839 928 763 186 1137 1363 838 740 1104 556 733 1176 932 1307 801 891 1046 1034 1119 1126 234 680 482 926 14 1310 1382 1359 1258 223 1177 460 567 1122 635 1301 1081 1132 847 1074
147,what are the equations which define the stability of simply supported corrugated core sandwich cylinders .,956 1050 1049 1069 843 1171 1358 1128 1145 889 1127 1392 1357 852 1119 1126 1387 850 888 761 1172 1396 392 1034 826 1397 647 1068 1398 1400 885 1060 1399 863 391 894 844 845 191 720 422 251 1137 1051 236 935 1048 390 36 1067
148,papers on small deflection theory for buckling of sandwich cylinders .,956 1048 1126 1050 1127 928 1051 761 827 826 822 763 838 720 642 1044 823 951 739 1122 852 1118 926 1015 891 1117 888 743 1021 1119 744 1178 915 839 1049 740 1069 765 894 1396 1121 1359 932 829 1013 825 1053 1177 863 1146
149,has anyone developed an analysis which accurately establishes the large deflection behaviour of conical shells .,930 1070 1058 926 1051 1068 1053 1059 931 1360 936 1363 826 852 937 889 1361 136 740 739 957 898 1024 743 1044 1118 1041 1134 633 935 934 1091 19 928 1135 802 851 894 843 830 820 737 1071 951 741 1174 365 130 1294 938
150,what is the magnitude of second-order wing-body interference at high supersonic mach number .,1074 1062 1075 1202 924 1243 799 923 124 970 1108 696 1259 1239 814 230 663 791 991 234 1272 188 993 672 431 232 179 252 231 1339 229 520 1248 360 60 201 52 695 225 927 204 803 223 593 792 251 1115 896 205 384
151,what is the best theoretical method for calculating pressure on the surface of a wing alone .,251 433 1246 287 678 465 1062 676 101 289 1333 222 1289 432 464 924 52 839 677 1229 1248 781 230 1188 247 1075 1074 783 147 991 1231 1362 652 225 206 42 950 250 671 1342 121 1366 492 1332 1195 1051 1306 569 1386 917
152,"how can the effect of the boundary-layer on wing pressure be calculated, and what is its magnitude .",1362 671 42 1273 36 1225 1079 315 94 364 311 1076 1355 1062 921 251 798 646 1339 610 80 678 191 316 754 39 448 308 346 547 336 783 601 1268 1382 334 917 247 696 406 487 1188 899 792 189 37 435 652 1154 1248
153,how should the navier-stokes difference equations be solved .,1063 1085 1082 1081 394 393 117 329 323 149 1391 281 1235 300 128 666 1394 228 1078 962 171 543 1088 1321 614 1053 1273 613 1370 615 404 349 111 943 1389 506 364 584 315 422 637 730 548 1086 299 917 881 266 703 830
154,which  iterative method for solving linear elliptic difference equations is most rapidly convergent .,1088 1054 832 1087 1086 111 1063 159 1055 1053 1108 15 827 1262 730 367 833 785 584 351 1389 987 479 1370 1362 777 1382 916 32 1375 266 1222 1377 1043 300 349 656 1294 1085 390 943 1392 614 575 451 1368 1082 863 530 719
155,technical report on measurement of ablation during flight .,1065 1101 805 804 553 810 806 1279 1099 1096 1097 1226 1170 1100 1270 76 1299 968 781 1241 1098 595 1007 1089 82 1150 876 1090 1022 516 1318 431 743 83 705 275 900 1163 794 546 746 141 905 1028 755 480 982 274 1004 809
156,what qualitative and quantitative material is available on ablation materials research .,1096 1097 553 1099 1065 1100 1098 1279 1117 82 761 1015 818 866 1025 462 274 403 534 1340 463 1302 42 204 295 829 251 1101 1043 906 1024 509 1072 1127 542 1241 1322 707 592 119 817 1160 1019 840 1042 1209 185 766 191 1027
157,have flow fields been calculated for blunt-nosed bodies and compared with experiment for a wide range of free stream conditions and body shapes .,1006 25 160 456 626 332 1393 421 1151 44 994 688 370 666 947 498 318 493 556 1391 1179 1377 1105 369 273 372 1224 574 946 1075 1198 465 1253 1213 161 1005 816 1274 544 1234 993 234 211 1373 1002 1319 575 85 979 541
158,what are the available properties of high-temperature air .,302 691 552 949 236 328 1199 262 1011 1230 82 982 1010 1157 1269 251 1335 378 1072 185 876 481 1009 405 421 283 1298 1043 69 1015 259 169 1161 117 463 586 1185 34 364 195 462 524 630 542 1098 108 110 616 193 609
159,what is the magnitude of aerodynamic damping in flexible vibration modes of a slender body of revolution characteristic of launch vehicles .,1066 42 1197 1259 1339 1112 801 846 1115 802 969 716 849 273 432 958 52 1321 723 1035 749 1287 67 815 544 922 1293 598 625 494 919 1379 844 895 927 1005 248 78 717 643 902 233 100 899 719 25 781 1347 1322 499
160,compressive circumferential stresses in a torispherical shell reveal the possibility of buckling under internal pressure . has anyone investigated for which ranges of shell parameters these stresses are sufficiently large to cause elastic buckling .,1071 1134 885 741 887 769 890 763 1172 740 739 897 839 830 1068 1126 889 1173 1037 1051 743 926 826 765 953 1052 1131 928 1117 1012 822 843 888 831 760 1123 1053 412 1039 1070 1145 1122 820 935 841 1118 1171 828 846 1059
161,is there an integral method to give a single and sufficiently accurate method of calculating the laminar separate point for various incompressible and compressible boundary layers with zero heat transfer .,1386 54 55 145 460 240 435 366 1192 1382 348 306 784 461 72 489 1185 1366 1182 314 365 150 62 1375 135 364 1384 962 329 111 50 959 283 1385 352 1281 539 292 376 522 458 406 1241 789 562 662 49 459 671 16
162,what accurate or exact solutions of the laminar separation point for various incompressible and compressible boundary layers with zero heat transfer are available .,55 460 1386 366 240 306 54 1182 62 365 559 135 292 348 145 72 489 364 1383 784 959 1366 565 562 461 1109 966 651 1185 23 111 16 81 661 28 94 36 1241 1281 352 1192 553 1394 24 457 662 754 1385 1228 527
163,can the hypersonic similarity results be applied to the technique of predicting surface pressures of an ogive forebody at angle of attack .,492 232 56 57 373 434 1231 37 973 688 124 1307 27 567 1040 1262 359 305 234 248 354 25 48 1186 122 1218 233 626 469 1311 1381 573 1356 540 443 1304 58 1077 1229 708 655 360 69 227 1355 525 947 1310 1309 638
164,what determines the onset of shock-induced boundary-layer separation .,311 503 265 415 316 358 1187 569 1364 798 504 71 439 1257 1228 416 291 256 1216 974 334 1383 996 655 526 155 1106 1385 959 757 1264 1239 457 72 1225 187 460 1268 53 793 1220 45 461 335 240 170 37 1278 1382 322
165,are the stable profiles of a compressible boundary layer induced by a moving wave known .,504 71 72 209 569 1375 335 417 563 1276 663 1225 978 1268 491 54 1220 64 334 265 1302 383 306 381 961 363 943 112 410 890 308 1109 142 1154 798 1269 671 1228 364 1241 309 992 1386 261 241 376 474 256 1076 1222
166,are there experimental results on the stability of a compressible boundary layer induced by a moving wave .,504 209 334 71 663 72 569 1302 1322 36 55 1220 207 1364 1228 1276 439 1303 142 256 1349 1171 145 265 406 346 1203 1356 16 1321 271 345 54 306 329 1173 192 417 377 304 1212 890 17 1264 421 798 187 78 496 2
167,exact solution methods for calculating the ablative mass loss of a material ablating at high temperatures in a hypersonic flight environment .,1279 553 274 82 1098 1065 1100 1096 1101 1097 1043 1099 1226 981 540 1147 1241 1157 1185 305 1158 1009 1003 307 364 525 665 556 353 365 592 401 603 762 319 292 606 581 481 557 1230 77 980 574 908 773 707 327 37 1299
168,"what approximate solutions are known to the direct problem of transonic flow in the throat of a nozzle,  i.e. finding the flow in a given nozzle .",750 341 118 965 157 217 136 696 410 213 127 131 1110 1072 1187 604 656 1224 221 172 591 575 236 1009 1230 166 970 458 404 173 1273 495 1354 942 774 117 529 694 833 1326 301 300 997 1010 1353 511 28 1292 174 1313
169,"what approximate solutions are known to the indirect problem of transonic flow in the throat of a nozzle,  i.e. finding a nozzle which has a given axial velocity distribution .",750 118 341 157 965 217 127 131 213 136 472 604 458 970 529 696 166 656 1072 575 236 694 1280 774 172 97 301 1230 1326 99 1187 276 495 1274 410 511 221 1273 880 997 1319 591 173 1366 1224 949 724 260 28 18
170,"why do users of orthodox pitot-static tubes often find that the calibrations appear to be,. - (a) significantly different from those formerly specified,  (b) wildly variable at low reynolds numbers .",238 893 239 1082 904 139 905 140 165 315 223 175 1264 213 272 1205 1394 670 10 48 906 1004 443 1313 824 1195 1199 710 786 1040 550 1315 189 1257 1009 9 187 1319 816 745 287 689 371 1156 992 491 1107 157 1191 1033
171,has a comparison been made between interference-free drag measurements using free-flight models and similar measurements made in a low-blockage wind tunnel .,516 431 141 252 800 904 714 755 799 1155 188 631 808 1153 1066 1204 179 812 1163 183 1074 608 795 76 10 1336 230 280 594 244 672 809 602 171 1151 657 791 1065 1004 598 1101 513 184 196 876 1162 239 311 1000 1092
172,solution of the blasius problem with three-point boundary conditions .,527 320 321 322 476 478 107 1235 1370 1251 366 540 266 422 365 424 150 736 934 1281 452 641 336 734 6 479 425 1149 23 731 837 72 445 364 551 1368 537 155 454 981 1108 458 34 542 157 329 889 1383 375 700
173,references on lyapunov's method on the stability of linear differential equations with periodic coefficients .,367 532 451 767 931 1047 917 703 538 956 1067 934 777 731 251 1320 916 1375 1088 1054 785 278 813 1117 548 1182 359 759 615 630 111 155 841 1392 206 515 873 1240 91 1073 850 1119 351 1086 936 356 756 1366 15 290
174,obtain all papers and reports that contain shock detachment distance data .,35 483 523 501 1319 1157 411 1274 1390 1151 533 1264 1389 369 1007 1257 552 482 1216 178 1156 1198 291 160 572 1204 805 802 439 1377 656 37 329 679 1179 211 947 1140 839 1258 25 929 1300 1063 730 186 182 811 1284 983
175,work on flow in channels at low reynolds numbers .,941 1221 139 491 1082 34 270 1222 1080 666 668 1394 351 710 417 413 238 112 9 315 630 361 1191 184 966 537 1395 550 670 338 1007 1078 254 415 667 949 712 33 147 1381 387 1322 1256 430 53 212 604 1264 206 43
176,some approximate analytical heat conduction solutions using methods other than biot's principle .,542 963 869 307 6 1375 767 872 1185 497 93 1221 5 606 1245 586 461 1182 396 1073 30 962 479 292 495 476 982 390 1219 1248 132 1207 164 1235 1100 160 667 981 1047 435 500 582 571 587 486 159 467 978 460 944
177,what mode of stalling can be expected for each stage of an axial compressor .,588 589 576 543 578 590 138 426 216 237 592 772 214 1111 42 1102 1069 127 1034 640 591 444 441 844 1339 846 28 642 213 215 196 911 1371 311 723 425 1024 1068 1115 1117 18 764 185 1089 769 518 895 1122 1093 985
178,has a criterion been established for determining the axial compressor choking line .,591 216 138 511 589 1155 237 543 590 827 772 592 31 426 214 1316 985 588 764 1171 1183 387 984 1151 1343 1323 18 1068 1275 1153 1318 341 839 73 273 990 643 693 1301 1118 979 820 196 1368 523 642 1085 433 578 813
179,"has a theory of quasi-conical flows been developed, in supersonic linearised theory, for which the upwash distribution on the lifting surface, apart from being a homogeneous function in the co-ordinate, is permitted to have a quite general functional form .",633 682 680 428 918 753 1080 224 1343 122 930 147 183 1280 247 470 688 1330 698 1339 706 683 250 458 699 674 601 627 705 514 379 811 370 873 1271 194 49 704 1231 200 278 579 1047 227 232 1196 826 225 562 987
180,how does scale height vary with altitude in an atmosphere .,548 617 622 616 613 1391 218 614 1324 719 882 1103 85 620 969 1150 716 615 404 618 315 1166 401 805 314 275 1348 621 554 163 1000 7 799 1147 806 874 1040 1232 1072 1163 186 96 807 1273 810 710 754 901 1244 960
181,jet interference with supersonic flows theoretical papers .,997 993 131 176 696 1074 970 610 243 1350 1075 409 1093 1243 1062 695 1292 1349 1352 799 725 1195 121 697 174 1265 971 1151 1374 60 519 991 925 992 245 924 177 173 188 946 973 969 233 994 221 126 179 1096 453 1232
182,effects of leading-edge bluntness on the flutter characteristics of some square-planform double-wedge airfoils at mach numbers less than 15.4.,634 685 686 593 1300 211 712 1290 856 857 597 1218 1338 1341 1107 193 440 572 675 25 757 876 1188 701 70 1229 442 632 1157 201 200 514 571 204 439 1339 334 1274 189 674 1319 859 753 544 39 503 390 625 484 371
183,what factors have been shown to have a primary influence on sonic boom strength .,809 893 758 804 1226 811 808 807 806 88 1243 1177 199 1068 374 997 251 39 555 568 127 1124 268 1247 253 822 883 805 1151 1237 1134 440 1277 993 157 813 1217 1332 828 1313 1155 1128 1121 514 1003 1169 1364 810 895 740
184,work on small-oscillation re-entry motions .,715 82 207 716 554 515 509 1217 1219 164 978 162 353 703 790 1329 658 895 274 813 717 917 1115 1000 1379 67 32 202 163 1391 1068 1333 1297 318 77 1346 1279 919 764 1348 1322 553 441 555 380 1323 713 982 200 944
185,experimental studies on panel flutter .,856 857 766 1008 858 390 859 948 658 391 864 627 285 894 15 911 729 1290 753 899 878 727 686 1337 781 728 711 914 1338 1392 1127 202 1341 442 634 75 685 1339 725 441 1111 747 593 1387 434 52 643 31 14 709
186,"how can wing-body,  flow field interference effects be approximated rationally .",1243 1074 1062 229 1239 230 1075 610 921 924 803 252 923 520 993 60 557 556 433 266 431 456 672 723 1273 1224 1391 17 188 179 799 775 360 160 1309 233 809 1111 247 1328 281 753 1350 1247 94 315 1092 332 1153 1108
187,has anyone analytically or experimentally investigated the effects of internal pressure on the buckling of circular-cylindrical shells under bending .,763 839 1126 1068 841 897 955 1171 1070 743 887 1172 1051 953 846 740 1071 764 936 847 926 769 826 760 838 935 1145 739 1123 765 741 1117 928 1129 932 1173 831 885 848 1122 1067 891 929 1177 852 889 1118 934 1119 830
188,what theoretical and experimental work has been done on the excitation and response of typical structures in a noise environment .,725 640 722 720 908 911 1360 909 220 764 729 740 186 102 251 724 997 29 209 202 1316 1279 78 781 658 1270 811 28 728 262 826 883 1068 723 742 137 138 1160 727 649 1369 497 129 100 19 1039 827 893 123 1331
189,is there a design method for calculating thermal fatigue endurances of components of various types and sizes in a variety of circumstances .,767 640 883 1360 870 865 907 881 867 1334 726 925 833 909 1332 727 762 314 498 75 1362 437 732 768 1057 724 836 395 837 868 884 92 720 878 602 980 1082 896 135 215 1180 246 906 426 869 1177 82 1033 192 302
190,"will an analysis of panel flutter based on arbitrarily assumed modes of deformation prove satisfactory,  and if so,  what is the minimum number of modes that need be considered .",390 627 856 1339 15 52 766 685 42 1008 1322 391 948 911 895 1069 769 728 846 14 723 1034 518 828 1035 1392 1111 634 1066 858 914 857 859 122 725 656 414 820 36 595 1134 864 285 760 658 251 781 228 168 530
191,"what is the criterion for true panel flutter,  as opposed to small amplitude vibration arising from acoustic disturbances .",766 627 827 894 658 15 856 1392 1008 859 948 857 858 541 391 75 899 864 1242 390 31 728 914 720 285 319 42 73 727 911 1244 1042 1339 593 724 52 781 151 1387 236 209 719 686 380 441 1208 660 100 27 874
192,papers dealing with uniformly loaded sectors .,641 734 733 735 925 1175 647 875 730 1170 850 1084 888 1173 1178 1399 648 1234 159 1398 1184 386 1059 1056 1058 428 515 1202 736 934 739 896 128 743 777 1117 1363 1379 1014 792 186 207 204 935 745 419 828 42 644 782
193,general methods of solving clamped plate problems .,730 733 641 734 422 648 736 735 1392 424 400 425 145 15 644 647 1053 266 1387 833 13 1396 1054 1108 454 1389 861 299 886 980 1129 863 1060 1088 1370 392 584 72 756 627 551 831 856 410 785 1029 826 281 458 93
194,how can the analytical solution of the buckling strength of a uniform circular cylinder loaded in axial compression be refined so as to lower the buckling load .,642 932 744 1178 1172 888 1126 957 1173 740 769 1177 742 1117 1116 739 1122 1131 956 1359 897 1123 822 760 1145 1050 1035 1051 885 1053 928 1119 741 1176 1070 831 1171 823 839 1012 1069 1017 935 743 1293 1121 937 926 887 1055
195,"in the problem of the buckling strength of uniform circular cylinders loaded in axial compression,  does the linear solution help with improving the non-linear one .",642 1055 744 932 831 739 1122 842 1173 457 769 1126 1172 888 1054 1067 1294 740 1178 1131 777 742 1145 1116 863 627 1182 1117 1050 824 928 1123 1171 1293 1309 1359 1177 1051 833 827 822 852 956 839 28 885 741 937 785 1118
196,the problem of similarity for representative investigation of aeroelastic effects in a flow with the absence of heating effects .,184 746 486 1237 1361 51 102 1323 875 44 966 1281 12 14 23 435 342 390 349 540 1263 1008 1213 1375 565 662 749 81 94 284 629 549 57 494 1002 13 123 623 666 572 997 29 959 144 1279 1253 262 552 73 261
197,how is fatigue damage estimated using the normal long-hand method .,884 723 881 768 726 865 640 746 909 720 724 882 1168 767 883 261 1312 75 234 927 613 1063 1236 866 1019 404 454 92 775 923 836 100 6 1397 381 727 575 579 934 952 1268 412 207 543 615 867 1315 292 920 1340
198,is there any information available on the difference in the effects of various edge conditions on the buckling of cylindrical shells .,889 890 887 743 1068 740 886 1126 897 739 843 1174 1172 769 1051 826 1117 885 741 760 1052 856 280 1034 1027 1070 1171 851 1067 1145 935 881 765 798 96 1013 906 763 928 742 1122 848 926 1123 1053 953 1398 929 761 1119
199,have non-linear large deflection analyses been conducted for shell shapes other than conical .,739 930 1059 1070 1294 931 928 1051 744 1055 1058 852 1362 232 451 827 831 828 926 428 1231 826 936 1118 769 934 514 833 269 1054 92 470 894 638 457 1053 822 830 1131 515 1064 122 448 683 130 680 898 740 730 446
200,"are asymptotic methods sufficiently accurate in the determination of pre-buckling stresses in torispherical shells,  or must we resort to numerical methods .",1071 1134 1053 889 885 1137 1362 760 1068 890 929 843 897 934 1043 769 1375 1070 887 730 833 54 822 935 1219 826 742 322 741 851 1138 775 817 472 400 1386 858 1055 740 1387 1117 830 1360 1172 1174 734 1044 1129 15 1136
201,what are the nonequilibrium chemical constituents in the viscous shock layer ahead of a blunt re-entry vehicle .,625 1297 401 1296 1217 1219 716 318 410 541 1279 1379 1391 82 509 1189 554 274 983 163 24 69 77 576 353 1348 1394 1295 1345 1274 1151 1319 1347 164 329 1344 944 574 1299 1245 572 982 291 717 1213 1157 1346 1313 1364 323
202,"how accurate are existing analytical theories in estimating pressure distributions on cones at incidence,  at hypersonic speeds .",1285 1310 232 1309 186 1231 122 294 467 605 1356 411 1311 56 1274 252 1319 19 497 1378 101 423 36 226 957 211 27 1307 1305 687 1303 197 981 924 1304 600 626 70 1075 567 921 371 927 1248 58 1062 808 230 225 679
203,are simple empirical methods of any use for estimating pressure distribution in cones .,1285 58 122 38 1231 211 676 1310 1262 56 147 927 196 1308 370 1219 109 1074 1386 225 423 369 1360 1333 232 626 54 48 1248 411 352 70 546 49 294 723 60 1378 1307 498 1382 1019 459 814 359 652 433 1206 362 1192
204,do viscous effects seriously modify pressure distributions .,147 443 573 1080 208 133 1229 937 679 496 1271 310 1311 371 1310 112 1375 1274 786 1307 1319 423 1076 678 1339 580 763 1262 58 1214 363 1258 667 971 370 508 1157 444 305 941 94 1253 664 1191 536 1200 63 287 308 372
205,has anyone investigated theoretically whether surface flexibility can stabilize a laminar boundary layer .,1321 1287 1323 78 135 1322 337 55 73 933 131 1364 1381 80 334 72 207 1301 1185 1268 959 187 1384 1035 37 134 547 1386 9 798 587 610 364 222 133 479 315 294 1355 241 1205 142 667 79 1213 1100 1017 1199 126 314
206,how do subsonic and transonic flutter data measured in the new langley transonic dynamics tunnel compare with similar data obtained in other facilities .,1290 879 1338 516 252 1336 1341 598 876 440 467 790 315 1269 312 38 469 526 496 880 948 567 124 468 812 638 1006 121 1154 435 780 431 441 685 809 1153 335 753 503 197 404 118 204 801 859 766 371 709 783 466
207,how do large changes in new mass ratio quantitatively affect wing-flutter boundaries .,1290 1338 859 365 747 1341 362 442 749 189 315 679 1362 593 643 921 766 686 1339 380 14 76 1337 439 39 678 948 753 857 858 1188 391 862 287 441 78 230 819 712 1111 434 695 834 121 52 204 274 696 202 746
208,what is the effect of the shape of the drag polar of a lifting spacecraft on the amount of reduction in maximum deceleration obtainable by continuously varying the aerodynamic coefficients during re-entry .,1291 1344 163 1345 1347 1346 1352 275 716 1217 164 1348 566 1219 624 638 982 1323 357 1380 1289 709 77 815 69 713 683 698 1124 1342 82 1226 274 554 816 899 1092 279 1218 1239 712 1259 615 1300 484 1204 1256 123 947 204
209,what are the physical significance and characteristics of separated laminar and turbulent boundary layer flows .,798 959 240 187 996 651 1364 455 1268 461 55 358 1383 1278 526 1072 16 89 23 1225 135 457 1228 207 1281 1386 315 899 45 872 291 54 72 339 416 960 623 1241 38 189 1264 1106 1385 406 610 376 335 1382 1216 933
210,has anyone analytically investigated the stabilizing influence of soft elastic cores on the buckling strength of cylindrical shells subjected to non-uniform external pressure .,1172 1145 1171 1126 743 739 1068 760 956 1071 938 1132 1125 1133 887 957 831 1070 740 1118 1031 1067 897 826 885 889 953 1117 1122 1173 761 891 843 1034 852 1130 929 1037 839 1119 934 886 744 1177 894 769 830 822 642 1055
211,what papers are available on the buckling of empty cylindrical shells under non-uniform pressure .,739 1068 1117 852 897 885 1145 1051 1171 953 1070 743 740 887 935 1125 1071 1067 889 1172 741 1126 831 769 890 926 763 744 765 1055 1122 839 955 891 1123 1173 928 1129 1119 828 929 1034 830 886 761 1037 937 1174 841 843
212,what effect do thermal stresses have on the compressive buckling strength of ring-stiffened cylinders .,1178 888 1177 838 1293 1176 1132 886 887 1070 885 1116 642 1359 66 823 822 858 1400 1146 839 1121 1133 769 760 1031 1173 1358 1122 1357 766 1130 419 1126 740 1035 932 31 864 763 1129 1015 741 928 1012 580 1172 1387 1051 1398
213,what is the effect on cylinder buckling of a circumferential stress system that varies in the axial direction .,769 885 888 1173 1146 741 1116 887 1145 765 1178 642 1122 890 1038 1117 1177 839 1121 891 822 928 1126 1134 852 897 1068 1032 1123 763 766 412 823 760 740 1172 956 744 932 742 1051 953 1175 889 1131 23 1119 105 954 846
214,can non-linear shallow shell analysis be reduced to an engineering technique by use of the matrix .,1294 828 1362 739 831 930 1154 1043 1044 744 1036 916 47 1126 848 1042 15 777 1058 100 1059 756 827 596 351 1071 92 1055 428 1054 852 1068 830 764 451 1375 1108 1135 1038 231 833 681 1360 42 761 506 968 156 349 936
215,is it possible to predict the shape of a shroud which will allow simulation of the nose region flow field for a sphere in hypersonic flow .,535 1253 1234 25 1205 574 332 1204 456 666 1198 707 295 541 625 1006 1377 35 544 160 294 170 540 273 1356 318 68 317 44 1238 423 1391 211 421 357 984 401 192 1394 85 329 1349 536 1274 472 1319 89 508 985 1310
216,what investigations have been made of the wave system created by a static pressure distribution over a liquid surface .,893 175 39 693 612 692 1319 1274 1156 1225 958 974 1364 514 1006 800 1107 117 971 904 905 1151 695 506 1206 251 330 1004 466 222 1200 470 968 1349 1271 993 1378 212 1231 1220 650 1002 216 1352 1237 407 1248 1313 657 828
217,has anyone investigated the effect of shock generated vorticity on heat transfer to a blunt body .,1213 1002 44 1395 1161 323 666 1393 553 655 572 1274 369 1319 1107 983 1394 559 283 142 1307 1263 329 20 421 1159 294 36 1309 123 554 1151 334 438 1204 625 433 523 2 1104 434 154 1157 37 689 946 811 101 1179 35
218,what is the heat transfer to a blunt body in the absence of vorticity .,36 559 1393 283 44 1213 655 1395 1002 1394 154 323 101 666 983 553 142 295 670 1107 1161 1263 1281 294 438 1104 1106 1204 572 1307 35 369 433 979 662 332 354 435 554 1147 522 566 1040 1300 629 84 20 1268 493 966
219,what are the general effects on flow fields when the reynolds number is small .,208 1222 299 1221 992 117 236 7 1082 319 197 53 993 267 530 61 1309 139 174 828 371 149 1381 342 456 892 80 917 25 186 151 42 73 710 1072 315 664 184 1040 79 660 270 417 971 96 657 1191 268 112 228
220,find a calculation procedure applicable to all incompressible laminar boundary layer flow problems having good accuracy and reasonable computation time .,458 292 461 1375 325 16 111 1225 629 375 395 738 527 1149 321 1182 1242 1192 242 378 704 336 261 231 4 240 382 86 1261 837 266 1302 1268 248 1281 1394 155 1355 899 1301 457 981 498 762 63 472 540 933 1365 1241
221,papers applicable to this problem (calculation procedures for laminar incompressible flow with arbitrary pressure gradient) .,1366 292 1225 435 1371 1182 1386 458 754 579 1375 49 62 1056 653 1281 388 73 839 652 662 406 528 966 194 1301 240 395 559 1370 527 115 321 540 784 1221 984 1183 637 278 378 489 55 133 738 94 1227 538 11 3
222,has anyone investigated the shear buckling of stiffened plates .,1400 419 1398 1399 1130 1396 1387 1397 1358 1357 400 1177 1121 412 826 1070 1178 887 820 1050 1116 888 838 886 393 1048 1176 1359 664 857 4 1119 1120 1037 15 1132 863 2 1173 1013 864 1392 388 116 858 389 180 825 1360 915
223,papers on shear buckling of unstiffened rectangular plates under shear .,1399 400 1398 412 1387 419 1400 388 1037 1121 1396 1119 1008 1050 826 1358 929 1117 393 1357 1048 839 733 425 538 389 180 863 664 1397 4 398 1251 956 1123 1130 1051 2 484 864 820 1173 889 1244 109 825 3 659 943 418
224,"in practice, how close to reality are the assumptions that the flow in a hypersonic shock tube using nitrogen is non-viscous and in thermodynamic equilibrium .",1312 317 1286 236 401 1296 656 259 140 575 1314 329 1316 110 1157 170 1315 1313 572 537 175 318 1009 576 405 488 613 1230 570 85 283 117 663 1298 124 302 494 523 1156 37 396 167 456 541 1309 364 123 540 308 625
225,what design factors can be used to control lift-drag ratios at mach numbers above 5 .,1188 1380 225 638 226 674 1124 70 1344 1345 1291 748 200 792 893 683 416 57 431 780 1218 794 704 975 701 816 702 713 213 198 712 1349 1352 124 709 246 346 566 797 141 279 235 650 1239 1334 1332 1247 77 368 796
